Name,Asset Type,File Type,When to use
img-,Image,,
img-,Image,,
img-,Image,,
img-,Image,,
img-,Image,,
img-,Image,,
img-,Image,,
img-,Image,,
img-,Image,,
img-,Image,,
img-,Image,,
qially-logo,Image,,
qisuitelogo_pudjkp,Image,,
img-,Image,,
img-,Image,,
img-,Image,,
img-,Image,,
img-working-it,Image,,
img-,Image,,
img-,Image,,
img-,Image,,
img-,Image,,
img-,Image,,
"ChatGPT Image Oct 8, 2025, 07_19_22 PM",Image,,
"ChatGPT Image Sep 13, 2025, 04_42_07 AM",Image,,
"ChatGPT Image Sep 13, 2025, 04_44_22 AM",Image,,
"ChatGPT Image Sep 23, 2025, 10_14_59 PM",Image,,
img-,Image,,
logo-qhr-transparent,Image,,
Copy of Blue Modern Company Overview Cover Document A4,Image,,
img-,Image,,
img-,Image,,
download (1),Image,,
download,Image,,
img-,Image,,
img-,Image,,
favicon,Image,,
Gemini_Generated_Image_58wzid58wzid58wz,Image,,
Gemini_Generated_Image_d1p7n6d1p7n6d1p7,Image,,
homeimage,Image,,
icon-qially (1),Image,,
img-,Image,,
img-,Image,,
image,Image,,
InnovaFlow Wide Logo Cover,Image,,
img-,Image,,
img-,Image,,
img-,Image,,
Letter_Signature_Block_SRV1_20240606,Image,,
img-,Image,,
logo (1),Image,,
logo (2),Image,,
logo,Image,,
logo-group,Image,,
logo-qially (1),Image,,
logo-qially (2),Image,,
logo-qially (3),Image,,
logo-qially (4),Image,,
logo-qially (5),Image,,
logo-qially (6),Image,,
logo-qially (7),Image,,
logo-qially (8),Image,,
logo-qially (9),Image,,
logo-qially (10),Image,,
logo-qially (11),Image,,
logo-quisuite (1),Image,,
logo-quisuite (2),Image,,
logo-quisuite (3),Image,,
logo-quisuite (4),Image,,
logo-raysconstruction-modernized,Image,,
logo-raysconstruction-modernized1,Image,,
Mockup-floorplan,Image,,
mockupqilifeeos,Image,,
img-,Image,,
img-,Image,,
NotebookLM Mind Map (1),Image,,
NotebookLM Mind Map (2),Image,,
NotebookLM Mind Map,Image,,
img-,Image,,
img-,Image,,
Parcel_8008931_PRC_conv_1,Image,,
Parcel_8008931_PRC_conv_2,Image,,
Parcel_8008931_PRC_conv_3,Image,,
po_wd1z6zYz7JPQyN2Cf9,Image,,
qia_tax-audit,Image,,
QiAlly.me Logo Design Idea (2),Image,,
QiAlly.me Logo Design Idea (5),Image,,
QiAlly.me Logo Design Idea (7),Image,,
qicloudicon,Image,,
qicloudlogo,Image,,
qimind,Image,,
qisuitelogo (1),Image,,
qisuitelogo (2),Image,,
qisuitelogo,Image,,
img-,Image,,
img-,Image,,
img-,Image,,
QR Code e94a538d-39ad-49e4-8b43-813f07f6e011,Image,,
qrcode_zai.qially.com,Image,,
img-,Image,,
img-,Image,,
img-,Image,,
img-,Image,,
img-,Image,,
Services Agreement,Image,,
SRV1_Letter_Header_20240606,Image,,
img-,Image,,
img-,Image,,
img-,Image,,
img-,Image,,
img-stock,Image,,
img-business-return,Image,,
img-money-electric,Image,,
icon-bird-blurred,Image,,
img-tax-return,Image,,
img-laptop-targets,Image,,
img-uploads,Image,,
img-docs-desk,Image,,
img-scale-blue-purple,Image,,
img-person-tablet,Image,,
img-files,Image,,
img-docs,Image,,
img-scaleup,Image,PNG,