Name,Created,Created by,Description,Link,Tags
Python,"July 22, 2024 1:51 AM",Notion App,,,"back-end, front-end"
C#,"July 22, 2024 1:51 AM",Notion App,,,"back-end, front-end"
Ruby,"July 22, 2024 1:51 AM",Notion App,,,"back-end, front-end"
Go,"July 22, 2024 1:51 AM",Notion App,,,back-end
TypeScript,"July 22, 2024 1:51 AM",Notion App,,,"back-end, front-end"
C++,"July 22, 2024 1:51 AM",Notion App,,,"back-end, front-end"
Java,"July 22, 2024 1:51 AM",Notion App,,,"back-end, front-end"
JavaScript,"July 22, 2024 1:51 AM",Notion App,,,"back-end, front-end"
Swift,"July 22, 2024 1:51 AM",Notion App,,,front-end
PHP,"July 22, 2024 1:51 AM",Notion App,,,"back-end, front-end"